Region,County
Alamo,Atascosa
Alamo,Bandera
Alamo,Bexar
Alamo,Calhoun
Alamo,Comal
Alamo,DeWitt
Alamo,Frio
Alamo,Gillespie
Alamo,Goliad
Alamo,Gonzales
Alamo,Guadalupe
Alamo,Jackson
Alamo,Karnes
Alamo,Kendall
Alamo,Kerr
Alamo,Lavaca
Alamo,Medina
Alamo,Victoria
Alamo,Wilson
Capitol,Bastrop
Capitol,Blanco
Capitol,Burnet
Capitol,Caldwell
Capitol,Fayette
Capitol,Hays
Capitol,Lee
Capitol,Llano
Capitol,Travis
Capitol,Williamson
Central Texas,Bell
Central Texas,Bosque
Central Texas,Brazos
Central Texas,Burleson
Central Texas,Coryell
Central Texas,Falls
Central Texas,Freestone
Central Texas,Grimes
Central Texas,Hamilton
Central Texas,Hill
Central Texas,Lampasas
Central Texas,Leon
Central Texas,Limestone
Central Texas,Madison
Central Texas,McLennan
Central Texas,Milam
Central Texas,Mills
Central Texas,Robertson
Central Texas,San Saba
Central Texas,Washington
Gulf Coast,Austin
Gulf Coast,Brazoria
Gulf Coast,Chambers
Gulf Coast,Colorado
Gulf Coast,Fort Bend
Gulf Coast,Galveston
Gulf Coast,Harris
Gulf Coast,Liberty
Gulf Coast,Matagorda
Gulf Coast,Montgomery
Gulf Coast,Walker
Gulf Coast,Waller
Gulf Coast,Wharton
High Plains,Armstrong
High Plains,Bailey
High Plains,Briscoe
High Plains,Carson
High Plains,Castro
High Plains,Childress
High Plains,Cochran
High Plains,Collingsworth
High Plains,Crosby
High Plains,Dallam
High Plains,Deaf Smith
High Plains,Dickens
High Plains,Donley
High Plains,Floyd
High Plains,Garza
High Plains,Gray
High Plains,Hale
High Plains,Hall
High Plains,Hansford
High Plains,Hartley
High Plains,Hemphill
High Plains,Hockley
High Plains,Hutchinson
High Plains,King
High Plains,Lamb
High Plains,Lipscomb
High Plains,Lubbock
High Plains,Lynn
High Plains,Moore
High Plains,Motley
High Plains,Ochiltree
High Plains,Oldham
High Plains,Parmer
High Plains,Potter
High Plains,Randall
High Plains,Roberts
High Plains,Sherman
High Plains,Swisher
High Plains,Terry
High Plains,Wheeler
High Plains,Yoakum
Metroplex,Collin
Metroplex,Cooke
Metroplex,Dallas
Metroplex,Denton
Metroplex,Ellis
Metroplex,Erath
Metroplex,Fannin
Metroplex,Grayson
Metroplex,Hood
Metroplex,Hunt
Metroplex,Johnson
Metroplex,Kaufman
Metroplex,Navarro
Metroplex,Palo Pinto
Metroplex,Parker
Metroplex,Rockwall
Metroplex,Somervell
Metroplex,Tarrant
Metroplex,Wise
Northwest,Archer
Northwest,Baylor
Northwest,Brown
Northwest,Callahan
Northwest,Clay
Northwest,Coleman
Northwest,Comanche
Northwest,Cottle
Northwest,Eastland
Northwest,Fisher
Northwest,Foard
Northwest,Hardeman
Northwest,Haskell
Northwest,Jack
Northwest,Jones
Northwest,Kent
Northwest,Knox
Northwest,Mitchell
Northwest,Montague
Northwest,Nolan
Northwest,Runnels
Northwest,Scurry
Northwest,Shackelford
Northwest,Stephens
Northwest,Stonewall
Northwest,Taylor
Northwest,Throckmorton
Northwest,Wichita
Northwest,Wilbarger
Northwest,Young
South Texas,Aransas
South Texas,Bee
South Texas,Brooks
South Texas,Cameron
South Texas,Dimmit
South Texas,Duval
South Texas,Edwards
South Texas,Hidalgo
South Texas,Jim Hogg
South Texas,Jim Wells
South Texas,Kenedy
South Texas,Kinney
South Texas,Kleberg
South Texas,La Salle
South Texas,Live Oak
South Texas,Maverick
South Texas,McMullen
South Texas,Nueces
South Texas,Real
South Texas,Refugio
South Texas,San Patricio
South Texas,Starr
South Texas,Uvalde
South Texas,Val Verde
South Texas,Webb
South Texas,Willacy
South Texas,Zapata
South Texas,Zavala
Southeast,Angelina
Southeast,Hardin
Southeast,Houston
Southeast,Jasper
Southeast,Jefferson
Southeast,Nacogdoches
Southeast,Newton
Southeast,Orange
Southeast,Polk
Southeast,Sabine
Southeast,San Augustine
Southeast,San Jacinto
Southeast,Shelby
Southeast,Trinity
Southeast,Tyler
Upper East,Anderson
Upper East,Bowie
Upper East,Camp
Upper East,Cass
Upper East,Cherokee
Upper East,Delta
Upper East,Franklin
Upper East,Gregg
Upper East,Harrison
Upper East,Henderson
Upper East,Hopkins
Upper East,Lamar
Upper East,Marion
Upper East,Morris
Upper East,Panola
Upper East,Rains
Upper East,Red River
Upper East,Rusk
Upper East,Smith
Upper East,Titus
Upper East,Upshur
Upper East,Van Zandt
Upper East,Wood
Upper Rio Grande,Brewster
Upper Rio Grande,Culberson
Upper Rio Grande,El Paso
Upper Rio Grande,Hudspeth
Upper Rio Grande,Jeff Davis
Upper Rio Grande,Presidio
West Texas,Andrews
West Texas,Borden
West Texas,Coke
West Texas,Concho
West Texas,Crane
West Texas,Crockett
West Texas,Dawson
West Texas,Ector
West Texas,Gaines
West Texas,Glasscock
West Texas,Howard
West Texas,Irion
West Texas,Kimble
West Texas,Loving
West Texas,Martin
West Texas,Mason
West Texas,McCulloch
West Texas,Menard
West Texas,Midland
West Texas,Pecos
West Texas,Reagan
West Texas,Reeves
West Texas,Schleicher
West Texas,Sterling
West Texas,Sutton
West Texas,Terrell
West Texas,Tom Green
West Texas,Upton
West Texas,Ward
West Texas,Winkler
State,Texas